Serial Number,Men's Shirt Name,Price,Ratings,Reviews
#1,Diverse Men's Printed Regular fit Cotton Formal Shirt,₹ 419.00 - ₹ 489.00,4.0 out of 5 stars,"3,512"
#2,Amazon Brand - Symbol Men's Solid Regular Fit Full Sleeve Formal Shirt,₹ 379.00 - ₹ 399.00,3.9 out of 5 stars,"1,512"
#3,Amazon Brand - Symbol Men's Solid Slim Fit Full Sleeve Formal Shirt,₹ 379.00 - ₹ 399.00,3.9 out of 5 stars,741
#4,Amazon Brand - Symbol Men's Solid Regular Fit Full Sleeve Formal Shirt (Combo Pack of 2),₹ 749.00,4.0 out of 5 stars,462
#5,Arihant Men's Slim Fit Shirt,₹ 699.00,3.9 out of 5 stars,126
#6,Diverse Men's Formal Shirt,₹ 459.00 - ₹ 479.00,3.8 out of 5 stars,362
#7,Park Avenue Men's Checkered Slim Fit Formal Shirt,₹ 659.00,3.8 out of 5 stars,50
#8,Arihant Men's Slim Fit Shirt,₹ 699.00,3.9 out of 5 stars,321
#9,"Super weston Cotton Polka Print Dotted Shirts for Men for Formal Use,100% Cotton Shirts,Office Wear Shirts, M=38,L=40,XL=42",₹ 399.00 - ₹ 449.00,4.0 out of 5 stars,7
#10,ACCOX Men's Regular Fit Shirt,₹ 599.00,3.6 out of 5 stars,503
#11,Diverse Men's Checkered Regular Fit Formal Shirt,₹ 399.00,3.6 out of 5 stars,"1,268"
#12,Arihant Men's Regular Fit Shirt,₹ 698.00 - ₹ 699.00,3.7 out of 5 stars,644
#13,Amazon Brand - Symbol Men's Solid Regular Fit Full Sleeve Formal Shirt,₹ 449.00 - ₹ 499.00,3.4 out of 5 stars,262
#14,Peppyzone Men's Printed Full Sleeves Formal Shirt,₹ 691.00 - ₹ 699.00,4.0 out of 5 stars,375
#15,Amazon Brand - Symbol Men's Solid Regular Fit Full Sleeve Formal Shirt,₹ 379.00,4.1 out of 5 stars,42
#16,"ZAKOD Polka Print Dotted Cotton Shirts for Men for Formal Wear,100% Cotton Shirts,Available Sizes M=38,L=40,XL=42",₹ 299.00 - ₹ 449.00,4.3 out of 5 stars,23
#17,Amazon Brand - Symbol Men's Solid Regular Fit Full Sleeve Cotton Formal Shirt,₹ 399.00 - ₹ 429.00,3.8 out of 5 stars,157
#18,Amazon Brand - Symbol Men's Solid Loose Fit Full Sleeve Formal Shirt (Combo Pack of 2),₹ 749.00,4.0 out of 5 stars,394
#19,Raymond Men's Plain Slim Fit Formal Shirt,₹ 809.00 - ₹ 839.00,3.9 out of 5 stars,422
#20,Khadi Vastra Men Solid Half Sleeve Cotton Formal Spread Shirt - Pack of 2,₹ 649.00,3.7 out of 5 stars,5
#21,Diverse Men's Solid Regular Fit Formal Shirt,₹ 429.00 - ₹ 479.00,3.7 out of 5 stars,"1,566"
#22,Diverse Men's Formal Shirt,₹ 439.00 - ₹ 479.00,3.9 out of 5 stars,568
#23,Amazon Brand - Symbol Men's Checkered Regular Fit Full Sleeve Formal Shirt,₹ 349.00 - ₹ 419.00,3.8 out of 5 stars,122
#24,ACCOX Men's Regular Fit Shirt,₹ 599.00,3.3 out of 5 stars,214
#25,ACCOX Men's Regular Fit Shirt,₹ 599.00,3.9 out of 5 stars,60
#26,Diverse Men's Printed Slim Fit Formal Shirt,₹ 439.00 - ₹ 479.00,4.0 out of 5 stars,670
#27,Arihant Men's Formal Shirt,₹ 699.00,3.6 out of 5 stars,636
#28,Diverse Men's Solid Formal Shirt,₹ 449.00 - ₹ 489.00,3.9 out of 5 stars,360
#29,Arihant Men's Slim Fit Shirt,₹ 699.00,3.7 out of 5 stars,292
#30,Excalibur London Men's Regular fit Formal Shirt,₹ 247.00,5.0 out of 5 stars,2
#31,Diverse Men's Printed Slim fit Formal Shirt,₹ 509.00,4.0 out of 5 stars,33
#32,Peter England Men's Checkered Slim fit Formal Shirt,₹ 799.00,0,0
#33,Arihant Men's Regular Fit Shirt,₹ 699.00,3.0 out of 5 stars,5
#34,MANQ Men's Slim Fit Shirt,₹ 598.00 - ₹ 636.00,3.9 out of 5 stars,279
#35,Arihant Men's Regular Fit Shirt,₹ 699.00,4.0 out of 5 stars,199
#36,Super weston Men's Regular Fit Shirt,₹ 349.00 - ₹ 449.00,3.8 out of 5 stars,10
#37,Raymond Men's Formal Shirt,"₹ 1,272.00 - ₹ 1,311.00",3.6 out of 5 stars,32
#38,ACCOX Men's Regular Fit Shirt,₹ 599.00,4.0 out of 5 stars,14
#39,Diverse Men's Solid Slim Fit Cotton Formal Shirt,₹ 479.00,3.5 out of 5 stars,902
#40,Diverse Men's Solid Slim Fit Formal Shirt,₹ 429.00 - ₹ 439.00,3.8 out of 5 stars,860
#41,Amazon Brand - Symbol Men's Regular Fit Full Sleeve Cotton Formal Shirt,₹ 519.00,4.4 out of 5 stars,6
#42,Arihant Printed Self Design 100% Cotton Half Sleeves Regular Fit Formal Shirt for Men,₹ 699.00,4.1 out of 5 stars,4
#43,Amazon Brand - Symbol Men's Solid Regular Fit Full Sleeve Formal Shirt,₹ 379.00,4.0 out of 5 stars,45
#44,Amazon Brand - Symbol Men's Checkered Regular Fit Full Sleeve Formal Shirt,₹ 439.00 - ₹ 479.00,3.9 out of 5 stars,6
#45,Arihant Men's Regular Fit Shirt,₹ 699.00,5.0 out of 5 stars,2
#46,Peter England Men's Slim fit Formal Shirt,₹ 499.00 - ₹ 999.00,5.0 out of 5 stars,1
#47,Peter England Men's Plain Regular Fit Formal Shirt,₹ 749.00 - ₹ 885.00,4.5 out of 5 stars,2
#48,Raymond Men's Plain Slim Fit Formal Shirt,₹ 839.00,3.8 out of 5 stars,4
#49,Prakasam Mens Formal Mono Cotton Half Sleeve Shirt (Regular fit),₹ 495.00,3.5 out of 5 stars,70
#50,Excalibur London Men's Regular fit Formal Shirt,₹ 239.00,4.0 out of 5 stars,3
#51,Arihant Men's Regular Fit Shirt,₹ 699.00,3.4 out of 5 stars,22
#52,Park Avenue Men's Solid Slim Fit Formal Shirt,₹ 609.00,4.1 out of 5 stars,72
#53,Amazon Brand - Symbol Men's Solid Regular Fit Full Sleeve Formal Shirt,₹ 379.00,4.0 out of 5 stars,190
#54,Raymond Men's Regular fit Formal Shirt,"₹ 989.00 - ₹ 1,099.00",0,0
#55,Arihant Men's Regular Fit Shirt,₹ 699.00,3.7 out of 5 stars,10
#56,Raymond Men's Plain Slim Fit Formal Shirt,₹ 719.00,4.0 out of 5 stars,278
#57,Peter England Men's Slim fit Formal Shirt,₹ 599.00 - ₹ 780.00,4.0 out of 5 stars,1
#58,Diverse Men's Checkered Formal Shirt,₹ 479.00 - ₹ 509.00,3.5 out of 5 stars,35
#59,ACCOX Men's Regular Fit Shirt,₹ 599.00,3.8 out of 5 stars,67
#60,Arihant Printed Self Design 100% Cotton Half Sleeves Regular Fit Formal Shirt for Men,₹ 699.00,4.0 out of 5 stars,1
#61,Men's Regular Fit Shirt,₹ 269.00 - ₹ 279.00,0,0
#62,ACCOX Men's Regular Fit Shirt,₹ 599.00,3.7 out of 5 stars,226
#63,The Standard Men's Regular Fit Shirt,₹ 739.00,4.2 out of 5 stars,465
#64,Reverence Men's Regular Fit Shirt,₹ 599.00 - ₹ 649.00,3.6 out of 5 stars,52
#65,KRYPTAR Men's Slim Fit Shirt,₹ 397.00 - ₹ 499.99,3.3 out of 5 stars,139
#66,Khadi Vastra Men's Regular Fit Shirt,₹ 425.00 - ₹ 475.00,4.0 out of 5 stars,26
#67,Arihant Printed Self Design 100% Cotton Half Sleeves Regular Fit Formal Shirt for Men,₹ 699.00,0,0
#68,Shaftesbury London Mens Cotton Wrinkle Free Slim Fit Shirt (White),₹ 690.00,3.4 out of 5 stars,138
#69,Van Heusen Men's Slim fit Formal Shirt,₹ 764.00 - ₹ 809.00,4.1 out of 5 stars,21
#70,Arrow New York Men's Plain Slim fit Formal Shirt,"₹ 674.00 - ₹ 1,049.00",4.4 out of 5 stars,11
#71,Arihant Floral Printed 100% Cotton Half Sleeves Regular Fit Formal Shirt for Men,₹ 699.00,0,0
#72,Peter England Men's Solid Slim fit Formal Shirt,₹ 699.00,0,0
#73,Arihant Men's Regular Fit Shirt,₹ 699.00,3.7 out of 5 stars,359
#74,Peter England Men's Printed Regular fit Formal Shirt,₹ 699.00,5.0 out of 5 stars,1
#75,Van Heusen Men's Slim fit Formal Shirt,"₹ 764.00 - ₹ 1,121.00",4.4 out of 5 stars,20
#76,Peter England Men's Slim fit Formal Shirt,₹ 847.00 - ₹ 863.00,4.5 out of 5 stars,2
#77,MANQ Men's Regular Fit Shirt,₹ 474.00 - ₹ 569.00,4.0 out of 5 stars,139
#78,Amazon Brand - Arthur Harvey Men's Solid Regular Fit Full Sleeve Cotton Formal Shirt,₹ 529.00 - ₹ 549.00,3.6 out of 5 stars,17
#79,Van Heusen Men's Paisley Slim fit Formal Shirt,₹ 892.00 - ₹ 939.00,3.9 out of 5 stars,17
#80,"ZAKOD Latest Fashion Office Wear Shirts for Men,Formal Wear Shirts,100% Cotton Shirts, M=38,L=40,XL=42",₹ 299.00 - ₹ 399.00,1.0 out of 5 stars,1
#81,Park Avenue Blue Slim Fit Cotton Blend Shirt,₹ 659.00 - ₹ 719.00,3.8 out of 5 stars,148
#82,Amazon Brand - Symbol Men's Solid Regular Fit Full Sleeve Cotton Formal Shirt (Combo Pack of 2),₹ 799.00,3.9 out of 5 stars,332
#83,Amazon Brand - Symbol Men's Striped Regular Fit Full Sleeve Formal Shirt,₹ 349.00 - ₹ 419.00,3.8 out of 5 stars,78
#84,ACCOX Men's Regular Fit Shirt,₹ 599.00,3.6 out of 5 stars,143
#85,Van Heusen Men's Slim fit Formal Shirt,₹ 809.00,4.5 out of 5 stars,33
#86,AROYALSKY Men's Cotton Full Sleeves Formal Shirt,₹ 599.00,4.7 out of 5 stars,3
#87,Arihant Men's Formal Shirt,₹ 699.00,3.8 out of 5 stars,121
#88,Peter England Men's Slim fit Formal Shirt,"₹ 799.00 - ₹ 1,040.00",4.4 out of 5 stars,5
#89,ACCOX Men's Regular Fit Shirt,₹ 599.00,3.5 out of 5 stars,65
#90,Louis Philippe Men's Regular fit Formal Shirt,"₹ 1,656.00",0,0
#91,Amazon Brand - Symbol Men's Checkered Regular Fit Full Sleeve Formal Shirt,₹ 349.00 - ₹ 399.00,4.1 out of 5 stars,53
#92,Diverse Men's All Over Printed Slim Fit Formal Shirt,₹ 489.00,3.9 out of 5 stars,161
#93,Amazon Brand - Symbol Men's Solid Regular Fit Full Sleeve Formal Shirt,₹ 409.00,3.6 out of 5 stars,9
#94,Diverse Men's Printed Slim fit Formal Shirt,₹ 469.00,4.2 out of 5 stars,23
#95,Peter England Men's Slim fit Formal Shirt,₹ 727.00,5.0 out of 5 stars,3
#96,Amazon Brand - Symbol Men's Solid Slim Fit Full Sleeve Formal Shirt,₹ 399.00,3.7 out of 5 stars,11
#97,JAYLO KHADI Formal Khadi Plain Half Sleeve Shirts for Mens & Boys,₹ 499.00,5.0 out of 5 stars,2
#98,Riro Men's Half Sleeves Plain Cotton Regular Fit Formal/Traditional White Shirt,₹ 640.00,3.4 out of 5 stars,38
#99,Diverse Men's Striped Formal Shirt,₹ 449.00,3.4 out of 5 stars,46
#100,Arihant Men's Regular Fit Shirt,₹ 699.00,3.8 out of 5 stars,25
